Product Title,Product Type,Variant Title,SKU,Image URL,Location ID,Location Name,Available,On Hand,Threshold,Incoming,Incoming Date
LXT-Glissade,CF Aero,Forged Carbon Weave,GLSASC-FCF,https://cdn.shopify.com/s/files/1/0636/1976/0364/products/10554474-EE4F-426A-81DB-61488C01A8F3.jpg?v=1649007498,gid://shopify/Location/68455891180,El Monte - Warehouse,3,3,5,10,4/10/2025
LXT-Glissade,CF Aero,Forged Carbon Weave,GLSASC-FCF,https://cdn.shopify.com/s/files/1/0636/1976/0364/products/10554474-EE4F-426A-81DB-61488C01A8F3.jpg?v=1649007498,gid://shopify/Location/71820017900,Whittier - Warehouse,0,0,5,,
LXT-Glissade,CF Aero,Standard Weave,GLSASC-3KCF,https://cdn.shopify.com/s/files/1/0636/1976/0364/products/10554474-EE4F-426A-81DB-61488C01A8F3.jpg?v=1649007498,gid://shopify/Location/68455891180,El Monte - Warehouse,0,0,5,,
LXT-Glissade,CF Aero,Standard Weave,GLSASC-3KCF,https://cdn.shopify.com/s/files/1/0636/1976/0364/products/10554474-EE4F-426A-81DB-61488C01A8F3.jpg?v=1649007498,gid://shopify/Location/71820017900,Whittier - Warehouse,0,0,5,,
Revugu - Adjustable Side Skirts,CF Aero,Piano Black,CT-REVUGU-SS-1,https://cdn.shopify.com/s/files/1/0636/1976/0364/products/B0005113_d0d12b91-682f-42db-8dd2-8ccf5bfad169.jpg?v=1649634701,gid://shopify/Location/68455891180,El Monte - Warehouse,2,2,5,,
Revugu - Adjustable Side Skirts,CF Aero,Piano Black,CT-REVUGU-SS-1,https://cdn.shopify.com/s/files/1/0636/1976/0364/products/B0005113_d0d12b91-682f-42db-8dd2-8ccf5bfad169.jpg?v=1649634701,gid://shopify/Location/71820017900,Whittier - Warehouse,0,0,5,,
Revugu - Adjustable Side Skirts,CF Aero,Standard Carbon Fiber,CT-REVUGU-SS-CF,https://cdn.shopify.com/s/files/1/0636/1976/0364/products/B0005113_d0d12b91-682f-42db-8dd2-8ccf5bfad169.jpg?v=1649634701,gid://shopify/Location/68455891180,El Monte - Warehouse,6,6,5,,
Revugu - Adjustable Side Skirts,CF Aero,Standard Carbon Fiber,CT-REVUGU-SS-CF,https://cdn.shopify.com/s/files/1/0636/1976/0364/products/B0005113_d0d12b91-682f-42db-8dd2-8ccf5bfad169.jpg?v=1649634701,gid://shopify/Location/71820017900,Whittier - Warehouse,0,0,5,,
Revugu - Front Lip Extension,CF Aero,Piano Black,REV14F-EXT-BK,https://cdn.shopify.com/s/files/1/0636/1976/0364/products/B0005106_087824d6-267d-432c-888b-774b149c0946.jpg?v=1649007541,gid://shopify/Location/68455891180,El Monte - Warehouse,2,3,5,,
Revugu - Front Lip Extension,CF Aero,Piano Black,REV14F-EXT-BK,https://cdn.shopify.com/s/files/1/0636/1976/0364/products/B0005106_087824d6-267d-432c-888b-774b149c0946.jpg?v=1649007541,gid://shopify/Location/71820017900,Whittier - Warehouse,0,0,5,,
Revugu - Front Lip Extension,CF Aero,Standard Carbon Fiber,REV14F-EXT-3KCF,https://cdn.shopify.com/s/files/1/0636/1976/0364/products/B0005142.jpg?v=1649007541,gid://shopify/Location/68455891180,El Monte - Warehouse,5,5,5,,
Revugu - Front Lip Extension,CF Aero,Standard Carbon Fiber,REV14F-EXT-3KCF,https://cdn.shopify.com/s/files/1/0636/1976/0364/products/B0005142.jpg?v=1649007541,gid://shopify/Location/71820017900,Whittier - Warehouse,0,0,5,,
AngelWings,CF Aero,Piano Black,ANGWNG-BK-XTI,https://cdn.shopify.com/s/files/1/0636/1976/0364/products/B0004729_61b9a0aa-837f-40d7-9487-c0902e20ddf1.jpg?v=1649007655,gid://shopify/Location/68455891180,El Monte - Warehouse,3,3,5,10,4/10/2025
AngelWings,CF Aero,Piano Black,ANGWNG-BK-XTI,https://cdn.shopify.com/s/files/1/0636/1976/0364/products/B0004729_61b9a0aa-837f-40d7-9487-c0902e20ddf1.jpg?v=1649007655,gid://shopify/Location/71820017900,Whittier - Warehouse,0,0,5,,
AngelWings,CF Aero,Forged Carbon Weave,ANGWNG-FCF-XTI,https://cdn.shopify.com/s/files/1/0636/1976/0364/products/B0004729_61b9a0aa-837f-40d7-9487-c0902e20ddf1.jpg?v=1649007655,gid://shopify/Location/68455891180,El Monte - Warehouse,1,1,5,,
AngelWings,CF Aero,Forged Carbon Weave,ANGWNG-FCF-XTI,https://cdn.shopify.com/s/files/1/0636/1976/0364/products/B0004729_61b9a0aa-837f-40d7-9487-c0902e20ddf1.jpg?v=1649007655,gid://shopify/Location/71820017900,Whittier - Warehouse,0,0,5,,
AngelWings,CF Aero,Standard Weave,ANGWNG-3KCF-XTI,https://cdn.shopify.com/s/files/1/0636/1976/0364/products/B0004735.jpg?v=1649007655,gid://shopify/Location/68455891180,El Monte - Warehouse,0,0,5,,
AngelWings,CF Aero,Standard Weave,ANGWNG-3KCF-XTI,https://cdn.shopify.com/s/files/1/0636/1976/0364/products/B0004735.jpg?v=1649007655,gid://shopify/Location/71820017900,Whittier - Warehouse,0,0,5,,
XTI Deflector,CF Aero,Forged Carbon Weave,XTIDFT142-FCF,https://cdn.shopify.com/s/files/1/0636/1976/0364/products/B0004725.jpg?v=1649007682,gid://shopify/Location/68455891180,El Monte - Warehouse,-1,-1,5,,
XTI Deflector,CF Aero,Forged Carbon Weave,XTIDFT142-FCF,https://cdn.shopify.com/s/files/1/0636/1976/0364/products/B0004725.jpg?v=1649007682,gid://shopify/Location/71820017900,Whittier - Warehouse,0,0,5,,
XTI Deflector,CF Aero,Standard Weave,XTIDFT142-3KCF,https://cdn.shopify.com/s/files/1/0636/1976/0364/products/CFWEAVEFOZLIFE2-1-of-3.jpg?v=1649007682,gid://shopify/Location/68455891180,El Monte - Warehouse,0,0,5,,
XTI Deflector,CF Aero,Standard Weave,XTIDFT142-3KCF,https://cdn.shopify.com/s/files/1/0636/1976/0364/products/CFWEAVEFOZLIFE2-1-of-3.jpg?v=1649007682,gid://shopify/Location/71820017900,Whittier - Warehouse,0,0,5,,
"AirShields - STI, Ascent, Outback, Legacy, WRX (VB)",Engine Dress-up,2019+ Ascent/Outback/Legacy / Wrinkle Red,AS193-F24T-RD,https://cdn.shopify.com/s/files/1/0636/1976/0364/files/airshields_page_1.jpg?v=1684954544,gid://shopify/Location/68455891180,El Monte - Warehouse,3,3,50,,
"AirShields - STI, Ascent, Outback, Legacy, WRX (VB)",Engine Dress-up,2019+ Ascent/Outback/Legacy / Wrinkle Red,AS193-F24T-RD,https://cdn.shopify.com/s/files/1/0636/1976/0364/files/airshields_page_1.jpg?v=1684954544,gid://shopify/Location/71820017900,Whittier - Warehouse,-3,-1,50,,
"AirShields - STI, Ascent, Outback, Legacy, WRX (VB)",Engine Dress-up,2019+ Ascent/Outback/Legacy / Wrinkle Black,AS193-F24T-BK,https://cdn.shopify.com/s/files/1/0636/1976/0364/files/airshield_banner_2.jpg?v=1684954544,gid://shopify/Location/68455891180,El Monte - Warehouse,183,184,50,,
"AirShields - STI, Ascent, Outback, Legacy, WRX (VB)",Engine Dress-up,2019+ Ascent/Outback/Legacy / Wrinkle Black,AS193-F24T-BK,https://cdn.shopify.com/s/files/1/0636/1976/0364/files/airshield_banner_2.jpg?v=1684954544,gid://shopify/Location/71820017900,Whittier - Warehouse,-11,-1,50,,
"AirShields - STI, Ascent, Outback, Legacy, WRX (VB)",Engine Dress-up,2019+ Ascent/Outback/Legacy / Anodized Silver,AS193-F24T-SL,https://cdn.shopify.com/s/files/1/0636/1976/0364/products/IMG_4294.jpg?v=1684954544,gid://shopify/Location/68455891180,El Monte - Warehouse,42,42,50,,
"AirShields - STI, Ascent, Outback, Legacy, WRX (VB)",Engine Dress-up,2019+ Ascent/Outback/Legacy / Anodized Silver,AS193-F24T-SL,https://cdn.shopify.com/s/files/1/0636/1976/0364/products/IMG_4294.jpg?v=1684954544,gid://shopify/Location/71820017900,Whittier - Warehouse,-1,-1,50,,
"AirShields - STI, Ascent, Outback, Legacy, WRX (VB)",Engine Dress-up,2015+ STi / Wrinkle Red,AS151-EJ-RD,https://cdn.shopify.com/s/files/1/0636/1976/0364/files/airshields_page_1.jpg?v=1684954544,gid://shopify/Location/68455891180,El Monte - Warehouse,19,20,50,,
"AirShields - STI, Ascent, Outback, Legacy, WRX (VB)",Engine Dress-up,2015+ STi / Wrinkle Red,AS151-EJ-RD,https://cdn.shopify.com/s/files/1/0636/1976/0364/files/airshields_page_1.jpg?v=1684954544,gid://shopify/Location/71820017900,Whittier - Warehouse,-2,0,50,,
"AirShields - STI, Ascent, Outback, Legacy, WRX (VB)",Engine Dress-up,2015+ STi / Wrinkle Black,AS151-EJ-BK,https://cdn.shopify.com/s/files/1/0636/1976/0364/files/airshield_banner_2.jpg?v=1684954544,gid://shopify/Location/68455891180,El Monte - Warehouse,45,45,50,,
"AirShields - STI, Ascent, Outback, Legacy, WRX (VB)",Engine Dress-up,2015+ STi / Wrinkle Black,AS151-EJ-BK,https://cdn.shopify.com/s/files/1/0636/1976/0364/files/airshield_banner_2.jpg?v=1684954544,gid://shopify/Location/71820017900,Whittier - Warehouse,1,1,50,,
"AirShields - STI, Ascent, Outback, Legacy, WRX (VB)",Engine Dress-up,2022+ WRX / Wrinkle Red,AS193-F24T-RD,https://cdn.shopify.com/s/files/1/0636/1976/0364/files/airshields_page_1.jpg?v=1684954544,gid://shopify/Location/68455891180,El Monte - Warehouse,4,4,50,,
"AirShields - STI, Ascent, Outback, Legacy, WRX (VB)",Engine Dress-up,2022+ WRX / Wrinkle Red,AS193-F24T-RD,https://cdn.shopify.com/s/files/1/0636/1976/0364/files/airshields_page_1.jpg?v=1684954544,gid://shopify/Location/71820017900,Whittier - Warehouse,2,2,50,,
"AirShields - STI, Ascent, Outback, Legacy, WRX (VB)",Engine Dress-up,2022+ WRX / Wrinkle Black,AS193-F24T-BK,https://cdn.shopify.com/s/files/1/0636/1976/0364/files/airshield_banner_2.jpg?v=1684954544,gid://shopify/Location/68455891180,El Monte - Warehouse,185,185,50,,
"AirShields - STI, Ascent, Outback, Legacy, WRX (VB)",Engine Dress-up,2022+ WRX / Wrinkle Black,AS193-F24T-BK,https://cdn.shopify.com/s/files/1/0636/1976/0364/files/airshield_banner_2.jpg?v=1684954544,gid://shopify/Location/71820017900,Whittier - Warehouse,-1,-1,50,,
"AirShields - STI, Ascent, Outback, Legacy, WRX (VB)",Engine Dress-up,2022+ WRX / Anodized Silver,AS193-F24T-SL,https://cdn.shopify.com/s/files/1/0636/1976/0364/products/IMG_4294.jpg?v=1684954544,gid://shopify/Location/68455891180,El Monte - Warehouse,44,44,50,,
"AirShields - STI, Ascent, Outback, Legacy, WRX (VB)",Engine Dress-up,2022+ WRX / Anodized Silver,AS193-F24T-SL,https://cdn.shopify.com/s/files/1/0636/1976/0364/products/IMG_4294.jpg?v=1684954544,gid://shopify/Location/71820017900,Whittier - Warehouse,-1,-1,50,,
SmartFlow Shroud,Engine Dress-up,White Hot,SFS151-WT,https://cdn.shopify.com/s/files/1/0636/1976/0364/files/1.jpg?v=1684955653,gid://shopify/Location/68455891180,El Monte - Warehouse,0,0,20,,
SmartFlow Shroud,Engine Dress-up,White Hot,SFS151-WT,https://cdn.shopify.com/s/files/1/0636/1976/0364/files/1.jpg?v=1684955653,gid://shopify/Location/71820017900,Whittier - Warehouse,2,2,20,,
SmartFlow Shroud,Engine Dress-up,Neon Yellow,SFS151-NY,https://cdn.shopify.com/s/files/1/0636/1976/0364/products/ATK_5814.jpg?v=1684955653,gid://shopify/Location/68455891180,El Monte - Warehouse,0,0,20,,
SmartFlow Shroud,Engine Dress-up,Neon Yellow,SFS151-NY,https://cdn.shopify.com/s/files/1/0636/1976/0364/products/ATK_5814.jpg?v=1684955653,gid://shopify/Location/71820017900,Whittier - Warehouse,0,0,20,,
SmartFlow Shroud,Engine Dress-up,Wrinkle Red,SFS151-WR,https://cdn.shopify.com/s/files/1/0636/1976/0364/files/red_smartflow_shroud.jpg?v=1684955653,gid://shopify/Location/68455891180,El Monte - Warehouse,35,38,20,,
SmartFlow Shroud,Engine Dress-up,Wrinkle Red,SFS151-WR,https://cdn.shopify.com/s/files/1/0636/1976/0364/files/red_smartflow_shroud.jpg?v=1684955653,gid://shopify/Location/71820017900,Whittier - Warehouse,-3,0,20,,
SmartFlow Shroud,Engine Dress-up,Wrinkle Black,SFS151-BK,https://cdn.shopify.com/s/files/1/0636/1976/0364/files/1.jpg?v=1684955653,gid://shopify/Location/68455891180,El Monte - Warehouse,19,19,20,,
SmartFlow Shroud,Engine Dress-up,Wrinkle Black,SFS151-BK,https://cdn.shopify.com/s/files/1/0636/1976/0364/files/1.jpg?v=1684955653,gid://shopify/Location/71820017900,Whittier - Warehouse,-2,0,20,,
SmartFlow Shroud,Engine Dress-up,Anodized Silver,SFS151-SL,https://cdn.shopify.com/s/files/1/0636/1976/0364/files/PhotoApr20_123450PM.jpg?v=1684955653,gid://shopify/Location/68455891180,El Monte - Warehouse,9,9,20,,
SmartFlow Shroud,Engine Dress-up,Anodized Silver,SFS151-SL,https://cdn.shopify.com/s/files/1/0636/1976/0364/files/PhotoApr20_123450PM.jpg?v=1684955653,gid://shopify/Location/71820017900,Whittier - Warehouse,0,0,20,,
Revugu – Front Lip,CF Aero,Piano Black,REV14F-FL-BK,https://cdn.shopify.com/s/files/1/0636/1976/0364/products/B0005052-2-1024x1024.jpg?v=1649319652,gid://shopify/Location/68455891180,El Monte - Warehouse,-3,-2,5,,
Revugu – Front Lip,CF Aero,Piano Black,REV14F-FL-BK,https://cdn.shopify.com/s/files/1/0636/1976/0364/products/B0005052-2-1024x1024.jpg?v=1649319652,gid://shopify/Location/71820017900,Whittier - Warehouse,-1,0,5,,
Revugu – Front Lip,CF Aero,Standard Carbon Fiber,REV14F-FL-3KCF,https://cdn.shopify.com/s/files/1/0636/1976/0364/products/B0005137-1.jpg?v=1649319653,gid://shopify/Location/68455891180,El Monte - Warehouse,3,3,5,,
Revugu – Front Lip,CF Aero,Standard Carbon Fiber,REV14F-FL-3KCF,https://cdn.shopify.com/s/files/1/0636/1976/0364/products/B0005137-1.jpg?v=1649319653,gid://shopify/Location/71820017900,Whittier - Warehouse,0,0,5,,
"AirShields - Forester, WRX (VA)",Engine Dress-up,2014-'18 Forester / Wrinkle Red,AS151-FA-RD,https://cdn.shopify.com/s/files/1/0636/1976/0364/files/DSC08508_232f9ba3-7fb1-459d-a321-0e3ddaddda0b.jpg?v=1684954183,gid://shopify/Location/68455891180,El Monte - Warehouse,5,6,50,,
"AirShields - Forester, WRX (VA)",Engine Dress-up,2014-'18 Forester / Wrinkle Red,AS151-FA-RD,https://cdn.shopify.com/s/files/1/0636/1976/0364/files/DSC08508_232f9ba3-7fb1-459d-a321-0e3ddaddda0b.jpg?v=1684954183,gid://shopify/Location/71820017900,Whittier - Warehouse,4,4,50,,
"AirShields - Forester, WRX (VA)",Engine Dress-up,2014-'18 Forester / Wrinkle Black,AS151-FA-BK,https://cdn.shopify.com/s/files/1/0636/1976/0364/files/MessagesImage_1538092252.jpg?v=1684954183,gid://shopify/Location/68455891180,El Monte - Warehouse,12,12,50,,
"AirShields - Forester, WRX (VA)",Engine Dress-up,2014-'18 Forester / Wrinkle Black,AS151-FA-BK,https://cdn.shopify.com/s/files/1/0636/1976/0364/files/MessagesImage_1538092252.jpg?v=1684954183,gid://shopify/Location/71820017900,Whittier - Warehouse,3,5,50,,
"AirShields - Forester, WRX (VA)",Engine Dress-up,2015-'21 WRX / Wrinkle Red,AS151-FA-RD,https://cdn.shopify.com/s/files/1/0636/1976/0364/files/DSC08508_232f9ba3-7fb1-459d-a321-0e3ddaddda0b.jpg?v=1684954183,gid://shopify/Location/68455891180,El Monte - Warehouse,5,5,50,,
"AirShields - Forester, WRX (VA)",Engine Dress-up,2015-'21 WRX / Wrinkle Red,AS151-FA-RD,https://cdn.shopify.com/s/files/1/0636/1976/0364/files/DSC08508_232f9ba3-7fb1-459d-a321-0e3ddaddda0b.jpg?v=1684954183,gid://shopify/Location/71820017900,Whittier - Warehouse,4,4,50,,
"AirShields - Forester, WRX (VA)",Engine Dress-up,2015-'21 WRX / Wrinkle Black,AS151-FA-BK,https://cdn.shopify.com/s/files/1/0636/1976/0364/files/MessagesImage_1538092252.jpg?v=1684954183,gid://shopify/Location/68455891180,El Monte - Warehouse,12,12,50,,
"AirShields - Forester, WRX (VA)",Engine Dress-up,2015-'21 WRX / Wrinkle Black,AS151-FA-BK,https://cdn.shopify.com/s/files/1/0636/1976/0364/files/MessagesImage_1538092252.jpg?v=1684954183,gid://shopify/Location/71820017900,Whittier - Warehouse,5,5,50,,
STI Fender Vent,CF Aero,Default Title,FVKWRX-CF,https://cdn.shopify.com/s/files/1/0636/1976/0364/products/IMG_7286.jpg?v=1650492182,gid://shopify/Location/68455891180,El Monte - Warehouse,8,8,5,,
STI Fender Vent,CF Aero,Default Title,FVKWRX-CF,https://cdn.shopify.com/s/files/1/0636/1976/0364/products/IMG_7286.jpg?v=1650492182,gid://shopify/Location/71820017900,Whittier - Warehouse,0,0,5,,
CVT Sport Shifter Kit,Shift Knobs,2012-16' Impreza,CTCVS-BK,https://cdn.shopify.com/s/files/1/0636/1976/0364/files/1L9A3855.jpg?v=1682735571,gid://shopify/Location/68455891180,El Monte - Warehouse,3,3,40,,
CVT Sport Shifter Kit,Shift Knobs,2012-16' Impreza,CTCVS-BK,https://cdn.shopify.com/s/files/1/0636/1976/0364/files/1L9A3855.jpg?v=1682735571,gid://shopify/Location/71820017900,Whittier - Warehouse,17,17,40,,
CVT Sport Shifter Kit,Shift Knobs,2017+ Impreza,CTCVL-BK,https://cdn.shopify.com/s/files/1/0636/1976/0364/files/1L9A3855.jpg?v=1682735571,gid://shopify/Location/68455891180,El Monte - Warehouse,0,0,40,,
CVT Sport Shifter Kit,Shift Knobs,2017+ Impreza,CTCVL-BK,https://cdn.shopify.com/s/files/1/0636/1976/0364/files/1L9A3855.jpg?v=1682735571,gid://shopify/Location/71820017900,Whittier - Warehouse,11,11,40,,
CVT Sport Shifter Kit,Shift Knobs,2013-17' Crosstrek,CTCVS-BK,https://cdn.shopify.com/s/files/1/0636/1976/0364/files/1L9A3855.jpg?v=1682735571,gid://shopify/Location/68455891180,El Monte - Warehouse,4,4,40,,
CVT Sport Shifter Kit,Shift Knobs,2013-17' Crosstrek,CTCVS-BK,https://cdn.shopify.com/s/files/1/0636/1976/0364/files/1L9A3855.jpg?v=1682735571,gid://shopify/Location/71820017900,Whittier - Warehouse,17,17,40,,
CVT Sport Shifter Kit,Shift Knobs,2018+ Crosstrek,CTCVL-BK,https://cdn.shopify.com/s/files/1/0636/1976/0364/files/1L9A3855.jpg?v=1682735571,gid://shopify/Location/68455891180,El Monte - Warehouse,0,0,40,,
CVT Sport Shifter Kit,Shift Knobs,2018+ Crosstrek,CTCVL-BK,https://cdn.shopify.com/s/files/1/0636/1976/0364/files/1L9A3855.jpg?v=1682735571,gid://shopify/Location/71820017900,Whittier - Warehouse,12,12,40,,
CVT Sport Shifter Kit,Shift Knobs,2014-18' Forester,CTCVS-BK,https://cdn.shopify.com/s/files/1/0636/1976/0364/files/1L9A3855.jpg?v=1682735571,gid://shopify/Location/68455891180,El Monte - Warehouse,4,4,40,,
CVT Sport Shifter Kit,Shift Knobs,2014-18' Forester,CTCVS-BK,https://cdn.shopify.com/s/files/1/0636/1976/0364/files/1L9A3855.jpg?v=1682735571,gid://shopify/Location/71820017900,Whittier - Warehouse,16,16,40,,
CVT Sport Shifter Kit,Shift Knobs,2018+ Forester,CTCVL-BK,https://cdn.shopify.com/s/files/1/0636/1976/0364/files/1L9A3855.jpg?v=1682735571,gid://shopify/Location/68455891180,El Monte - Warehouse,0,0,40,,
CVT Sport Shifter Kit,Shift Knobs,2018+ Forester,CTCVL-BK,https://cdn.shopify.com/s/files/1/0636/1976/0364/files/1L9A3855.jpg?v=1682735571,gid://shopify/Location/71820017900,Whittier - Warehouse,12,12,40,,
CVT Sport Shifter Kit,Shift Knobs,2015-21' WRX,CTCVS-BK,https://cdn.shopify.com/s/files/1/0636/1976/0364/files/1L9A3855.jpg?v=1682735571,gid://shopify/Location/68455891180,El Monte - Warehouse,3,3,40,,
CVT Sport Shifter Kit,Shift Knobs,2015-21' WRX,CTCVS-BK,https://cdn.shopify.com/s/files/1/0636/1976/0364/files/1L9A3855.jpg?v=1682735571,gid://shopify/Location/71820017900,Whittier - Warehouse,11,16,40,,
XTI Carbon Fiber Fender Kit,CF Aero,FRP Unpainted,FND14F-FRP,https://cdn.shopify.com/s/files/1/0636/1976/0364/products/WhatsAppImage2021-08-30at7.40.49PM.jpg?v=1651699643,gid://shopify/Location/68455891180,El Monte - Warehouse,0,0,1,,
XTI Carbon Fiber Fender Kit,CF Aero,FRP Unpainted,FND14F-FRP,https://cdn.shopify.com/s/files/1/0636/1976/0364/products/WhatsAppImage2021-08-30at7.40.49PM.jpg?v=1651699643,gid://shopify/Location/71820017900,Whittier - Warehouse,0,0,1,,
XTI Carbon Fiber Fender Kit,CF Aero,FRP Unpainted with CF Vent,FND14F-CFV,https://cdn.shopify.com/s/files/1/0636/1976/0364/products/WhatsAppImage2021-08-30at7.40.49PM_1.jpg?v=1651699631,gid://shopify/Location/68455891180,El Monte - Warehouse,0,0,1,,
XTI Carbon Fiber Fender Kit,CF Aero,FRP Unpainted with CF Vent,FND14F-CFV,https://cdn.shopify.com/s/files/1/0636/1976/0364/products/WhatsAppImage2021-08-30at7.40.49PM_1.jpg?v=1651699631,gid://shopify/Location/71820017900,Whittier - Warehouse,0,0,1,,
XTI Carbon Fiber Fender Kit,CF Aero,Standard Weave,FND14F-3KCF,https://cdn.shopify.com/s/files/1/0636/1976/0364/products/WhatsAppImage2021-08-30at7.40.49PM.jpg?v=1651699643,gid://shopify/Location/68455891180,El Monte - Warehouse,0,0,1,,
XTI Carbon Fiber Fender Kit,CF Aero,Standard Weave,FND14F-3KCF,https://cdn.shopify.com/s/files/1/0636/1976/0364/products/WhatsAppImage2021-08-30at7.40.49PM.jpg?v=1651699643,gid://shopify/Location/71820017900,Whittier - Warehouse,0,0,1,,
STI Louvre Cover - 08' + STI,Engine Dress-up,Wrinkle Red,LVC-RD-1,https://cdn.shopify.com/s/files/1/0636/1976/0364/files/ATK_3098.jpg?v=1684956140,gid://shopify/Location/68455891180,El Monte - Warehouse,9,9,10,,
STI Louvre Cover - 08' + STI,Engine Dress-up,Wrinkle Red,LVC-RD-1,https://cdn.shopify.com/s/files/1/0636/1976/0364/files/ATK_3098.jpg?v=1684956140,gid://shopify/Location/71820017900,Whittier - Warehouse,0,0,10,,
STI Louvre Cover - 08' + STI,Engine Dress-up,Wrinkle Black,LVC-BK-1,https://cdn.shopify.com/s/files/1/0636/1976/0364/files/ATK_3099.jpg?v=1684956111,gid://shopify/Location/68455891180,El Monte - Warehouse,11,12,10,,
STI Louvre Cover - 08' + STI,Engine Dress-up,Wrinkle Black,LVC-BK-1,https://cdn.shopify.com/s/files/1/0636/1976/0364/files/ATK_3099.jpg?v=1684956111,gid://shopify/Location/71820017900,Whittier - Warehouse,1,1,10,,
STI Louvre Cover - 08' + STI,Engine Dress-up,White Hot,LVC-WT-1,https://cdn.shopify.com/s/files/1/0636/1976/0364/files/ATK_3109.jpg?v=1684956110,gid://shopify/Location/68455891180,El Monte - Warehouse,8,8,10,,
STI Louvre Cover - 08' + STI,Engine Dress-up,White Hot,LVC-WT-1,https://cdn.shopify.com/s/files/1/0636/1976/0364/files/ATK_3109.jpg?v=1684956110,gid://shopify/Location/71820017900,Whittier - Warehouse,0,0,10,,
STI Louvre Cover - 08' + STI,Engine Dress-up,Silver,LVC-SL-1,https://cdn.shopify.com/s/files/1/0636/1976/0364/files/ATK_3096.jpg?v=1684956140,gid://shopify/Location/68455891180,El Monte - Warehouse,17,17,10,,
STI Louvre Cover - 08' + STI,Engine Dress-up,Silver,LVC-SL-1,https://cdn.shopify.com/s/files/1/0636/1976/0364/files/ATK_3096.jpg?v=1684956140,gid://shopify/Location/71820017900,Whittier - Warehouse,0,0,10,,
STI Louvre Cover - 08' + STI,Engine Dress-up,Neon Yellow,LVC-NY-1,https://cdn.shopify.com/s/files/1/0636/1976/0364/files/ATK_3091.jpg?v=1684956140,gid://shopify/Location/68455891180,El Monte - Warehouse,6,6,10,,
STI Louvre Cover - 08' + STI,Engine Dress-up,Neon Yellow,LVC-NY-1,https://cdn.shopify.com/s/files/1/0636/1976/0364/files/ATK_3091.jpg?v=1684956140,gid://shopify/Location/71820017900,Whittier - Warehouse,0,0,10,,
Halo Roof Spoiler - 18' + Crosstrek,CF Aero,Standard Weave,HALO-3KCF-GTX,https://cdn.shopify.com/s/files/1/0636/1976/0364/products/IMG_2730-2.jpg?v=1668758880,gid://shopify/Location/68455891180,El Monte - Warehouse,5,5,10,,
Halo Roof Spoiler - 18' + Crosstrek,CF Aero,Standard Weave,HALO-3KCF-GTX,https://cdn.shopify.com/s/files/1/0636/1976/0364/products/IMG_2730-2.jpg?v=1668758880,gid://shopify/Location/71820017900,Whittier - Warehouse,5,5,10,,
Halo Roof Spoiler - 18' + Crosstrek,CF Aero,Forged Carbon Weave,HALO-FCF-GTX,https://cdn.shopify.com/s/files/1/0636/1976/0364/products/IMG_2730-2.jpg?v=1668758880,gid://shopify/Location/68455891180,El Monte - Warehouse,5,5,10,,
Halo Roof Spoiler - 18' + Crosstrek,CF Aero,Forged Carbon Weave,HALO-FCF-GTX,https://cdn.shopify.com/s/files/1/0636/1976/0364/products/IMG_2730-2.jpg?v=1668758880,gid://shopify/Location/71820017900,Whittier - Warehouse,5,5,10,,
Halo Roof Spoiler - 18' + Crosstrek,CF Aero,Piano Black,HALO-BK-GTX,https://cdn.shopify.com/s/files/1/0636/1976/0364/products/IMG_2730-2.jpg?v=1668758880,gid://shopify/Location/68455891180,El Monte - Warehouse,5,5,10,,
Halo Roof Spoiler - 18' + Crosstrek,CF Aero,Piano Black,HALO-BK-GTX,https://cdn.shopify.com/s/files/1/0636/1976/0364/products/IMG_2730-2.jpg?v=1668758880,gid://shopify/Location/71820017900,Whittier - Warehouse,5,5,10,,
XTI Carbon Fiber Front Grill,CF Aero,Default Title,XTIGRILL,https://cdn.shopify.com/s/files/1/0636/1976/0364/products/NEWGRILL_-2.jpg?v=1669023969,gid://shopify/Location/68455891180,El Monte - Warehouse,-1,0,1,,
XTI Carbon Fiber Front Grill,CF Aero,Default Title,XTIGRILL,https://cdn.shopify.com/s/files/1/0636/1976/0364/products/NEWGRILL_-2.jpg?v=1669023969,gid://shopify/Location/71820017900,Whittier - Warehouse,0,0,1,,
Airblades 2.0,Engine Dress-up,Neon Yellow,AB152-NY,https://cdn.shopify.com/s/files/1/0636/1976/0364/files/B0005957_8771e0f7-14e0-46d3-9c35-8a6377c49f30.jpg?v=1684953486,gid://shopify/Location/68455891180,El Monte - Warehouse,1,1,20,,
Airblades 2.0,Engine Dress-up,Neon Yellow,AB152-NY,https://cdn.shopify.com/s/files/1/0636/1976/0364/files/B0005957_8771e0f7-14e0-46d3-9c35-8a6377c49f30.jpg?v=1684953486,gid://shopify/Location/71820017900,Whittier - Warehouse,0,0,20,,
Airblades 2.0,Engine Dress-up,Wrinkle Red,AB152-RD,https://cdn.shopify.com/s/files/1/0636/1976/0364/files/B0005948.jpg?v=1684953486,gid://shopify/Location/68455891180,El Monte - Warehouse,19,19,20,,
Airblades 2.0,Engine Dress-up,Wrinkle Red,AB152-RD,https://cdn.shopify.com/s/files/1/0636/1976/0364/files/B0005948.jpg?v=1684953486,gid://shopify/Location/71820017900,Whittier - Warehouse,3,3,20,,
Airblades 2.0,Engine Dress-up,Wrinkle Black,AB152-BK,https://cdn.shopify.com/s/files/1/0636/1976/0364/files/B0005937_b315d979-b406-4d63-b7c8-7d471bfb8af4.jpg?v=1684953486,gid://shopify/Location/68455891180,El Monte - Warehouse,1,1,20,,
Airblades 2.0,Engine Dress-up,Wrinkle Black,AB152-BK,https://cdn.shopify.com/s/files/1/0636/1976/0364/files/B0005937_b315d979-b406-4d63-b7c8-7d471bfb8af4.jpg?v=1684953486,gid://shopify/Location/71820017900,Whittier - Warehouse,0,0,20,,
Airblades 2.0,Engine Dress-up,White Hot,AB152-WT,https://cdn.shopify.com/s/files/1/0636/1976/0364/files/B0005957_8771e0f7-14e0-46d3-9c35-8a6377c49f30.jpg?v=1684953486,gid://shopify/Location/68455891180,El Monte - Warehouse,0,0,20,,
Airblades 2.0,Engine Dress-up,White Hot,AB152-WT,https://cdn.shopify.com/s/files/1/0636/1976/0364/files/B0005957_8771e0f7-14e0-46d3-9c35-8a6377c49f30.jpg?v=1684953486,gid://shopify/Location/71820017900,Whittier - Warehouse,0,0,20,,
Airblades 2.0,Engine Dress-up,Silver,AB152-SL,https://cdn.shopify.com/s/files/1/0636/1976/0364/files/B0005957_8771e0f7-14e0-46d3-9c35-8a6377c49f30.jpg?v=1684953486,gid://shopify/Location/68455891180,El Monte - Warehouse,7,8,20,,
Airblades 2.0,Engine Dress-up,Silver,AB152-SL,https://cdn.shopify.com/s/files/1/0636/1976/0364/files/B0005957_8771e0f7-14e0-46d3-9c35-8a6377c49f30.jpg?v=1684953486,gid://shopify/Location/71820017900,Whittier - Warehouse,2,2,20,,
SK-X Roof Spoiler - 19' + Forester,CF Aero,Standard Weave,GLS-3KCF-SKX,https://cdn.shopify.com/s/files/1/0636/1976/0364/products/image2.jpg?v=1672433007,gid://shopify/Location/68455891180,El Monte - Warehouse,5,5,5,,
SK-X Roof Spoiler - 19' + Forester,CF Aero,Standard Weave,GLS-3KCF-SKX,https://cdn.shopify.com/s/files/1/0636/1976/0364/products/image2.jpg?v=1672433007,gid://shopify/Location/71820017900,Whittier - Warehouse,0,0,5,,
SK-X Roof Spoiler - 19' + Forester,CF Aero,Forged Carbon Weave,GLS-FCF-SKX,https://cdn.shopify.com/s/files/1/0636/1976/0364/products/1L9A1691.jpg?v=1672432939,gid://shopify/Location/68455891180,El Monte - Warehouse,2,2,5,,
SK-X Roof Spoiler - 19' + Forester,CF Aero,Forged Carbon Weave,GLS-FCF-SKX,https://cdn.shopify.com/s/files/1/0636/1976/0364/products/1L9A1691.jpg?v=1672432939,gid://shopify/Location/71820017900,Whittier - Warehouse,0,0,5,,
SK-X Roof Spoiler - 19' + Forester,CF Aero,Piano Black,GLS-BK-SKX,https://cdn.shopify.com/s/files/1/0636/1976/0364/products/1L9A1691.jpg?v=1672432939,gid://shopify/Location/68455891180,El Monte - Warehouse,1,1,5,,
SK-X Roof Spoiler - 19' + Forester,CF Aero,Piano Black,GLS-BK-SKX,https://cdn.shopify.com/s/files/1/0636/1976/0364/products/1L9A1691.jpg?v=1672432939,gid://shopify/Location/71820017900,Whittier - Warehouse,-1,-1,5,,
"Carbon Fiber Mirror Caps - 14-18' Forester, 13-14' Crosstrek, 12-14' Impreza, and 12-13' Outback",Mirror Caps,Yes / Forged Carbon Weave,MRCAP-FCF-1C,https://cdn.shopify.com/s/files/1/0636/1976/0364/files/DSC08525_a3c6d4f3-f9c9-4fcc-8665-817556d29180.jpg?v=1684954763,gid://shopify/Location/68455891180,El Monte - Warehouse,0,0,15,,
"Carbon Fiber Mirror Caps - 14-18' Forester, 13-14' Crosstrek, 12-14' Impreza, and 12-13' Outback",Mirror Caps,Yes / Forged Carbon Weave,MRCAP-FCF-1C,https://cdn.shopify.com/s/files/1/0636/1976/0364/files/DSC08525_a3c6d4f3-f9c9-4fcc-8665-817556d29180.jpg?v=1684954763,gid://shopify/Location/71820017900,Whittier - Warehouse,6,6,15,,
"Carbon Fiber Mirror Caps - 14-18' Forester, 13-14' Crosstrek, 12-14' Impreza, and 12-13' Outback",Mirror Caps,Yes / Standard Weave,MRCAP-3KCF-1C,https://cdn.shopify.com/s/files/1/0636/1976/0364/files/DSC08525_a3c6d4f3-f9c9-4fcc-8665-817556d29180.jpg?v=1684954763,gid://shopify/Location/68455891180,El Monte - Warehouse,0,0,15,,
"Carbon Fiber Mirror Caps - 14-18' Forester, 13-14' Crosstrek, 12-14' Impreza, and 12-13' Outback",Mirror Caps,Yes / Standard Weave,MRCAP-3KCF-1C,https://cdn.shopify.com/s/files/1/0636/1976/0364/files/DSC08525_a3c6d4f3-f9c9-4fcc-8665-817556d29180.jpg?v=1684954763,gid://shopify/Location/71820017900,Whittier - Warehouse,12,14,15,,
"Carbon Fiber Mirror Caps - 14-18' Forester, 13-14' Crosstrek, 12-14' Impreza, and 12-13' Outback",Mirror Caps,No / Forged Carbon Weave,MRCAP-FCF-1N,https://cdn.shopify.com/s/files/1/0636/1976/0364/files/DSC08525_a3c6d4f3-f9c9-4fcc-8665-817556d29180.jpg?v=1684954763,gid://shopify/Location/68455891180,El Monte - Warehouse,0,0,15,,
"Carbon Fiber Mirror Caps - 14-18' Forester, 13-14' Crosstrek, 12-14' Impreza, and 12-13' Outback",Mirror Caps,No / Forged Carbon Weave,MRCAP-FCF-1N,https://cdn.shopify.com/s/files/1/0636/1976/0364/files/DSC08525_a3c6d4f3-f9c9-4fcc-8665-817556d29180.jpg?v=1684954763,gid://shopify/Location/71820017900,Whittier - Warehouse,0,0,15,,
"Carbon Fiber Mirror Caps - 14-18' Forester, 13-14' Crosstrek, 12-14' Impreza, and 12-13' Outback",Mirror Caps,No / Standard Weave,MRCAP-3KCF-1N,https://cdn.shopify.com/s/files/1/0636/1976/0364/files/DSC08525_a3c6d4f3-f9c9-4fcc-8665-817556d29180.jpg?v=1684954763,gid://shopify/Location/68455891180,El Monte - Warehouse,12,12,15,,
"Carbon Fiber Mirror Caps - 14-18' Forester, 13-14' Crosstrek, 12-14' Impreza, and 12-13' Outback",Mirror Caps,No / Standard Weave,MRCAP-3KCF-1N,https://cdn.shopify.com/s/files/1/0636/1976/0364/files/DSC08525_a3c6d4f3-f9c9-4fcc-8665-817556d29180.jpg?v=1684954763,gid://shopify/Location/71820017900,Whittier - Warehouse,-2,-2,15,,
"Carbon Fiber Mirror Caps - 19'+ Ascent, 17-20' Impreza, 18-19' Outback, and 18-19' Legacy",Mirror Caps,Yes / Forged Carbon Weave,MRCAP-FCF-2C,https://cdn.shopify.com/s/files/1/0636/1976/0364/products/E94CF2A3-0986-4893-92FA-2BCF6AE0A5CC.jpg?v=1672898156,gid://shopify/Location/68455891180,El Monte - Warehouse,3,3,15,,
"Carbon Fiber Mirror Caps - 19'+ Ascent, 17-20' Impreza, 18-19' Outback, and 18-19' Legacy",Mirror Caps,Yes / Forged Carbon Weave,MRCAP-FCF-2C,https://cdn.shopify.com/s/files/1/0636/1976/0364/products/E94CF2A3-0986-4893-92FA-2BCF6AE0A5CC.jpg?v=1672898156,gid://shopify/Location/71820017900,Whittier - Warehouse,3,3,15,,
"Carbon Fiber Mirror Caps - 19'+ Ascent, 17-20' Impreza, 18-19' Outback, and 18-19' Legacy",Mirror Caps,Yes / Standard Weave,MRCAP-3KCF-2C,https://cdn.shopify.com/s/files/1/0636/1976/0364/products/ATK_3121_367d9588-9130-488c-8c12-f04856c605e0.jpg?v=1672898156,gid://shopify/Location/68455891180,El Monte - Warehouse,27,27,15,,
"Carbon Fiber Mirror Caps - 19'+ Ascent, 17-20' Impreza, 18-19' Outback, and 18-19' Legacy",Mirror Caps,Yes / Standard Weave,MRCAP-3KCF-2C,https://cdn.shopify.com/s/files/1/0636/1976/0364/products/ATK_3121_367d9588-9130-488c-8c12-f04856c605e0.jpg?v=1672898156,gid://shopify/Location/71820017900,Whittier - Warehouse,-3,-3,15,,
"Carbon Fiber Mirror Caps - 19'+ Ascent, 17-20' Impreza, 18-19' Outback, and 18-19' Legacy",Mirror Caps,No / Forged Carbon Weave,MRCAP-FCF-2N,https://cdn.shopify.com/s/files/1/0636/1976/0364/products/E94CF2A3-0986-4893-92FA-2BCF6AE0A5CC.jpg?v=1672898156,gid://shopify/Location/68455891180,El Monte - Warehouse,0,0,15,,
"Carbon Fiber Mirror Caps - 19'+ Ascent, 17-20' Impreza, 18-19' Outback, and 18-19' Legacy",Mirror Caps,No / Forged Carbon Weave,MRCAP-FCF-2N,https://cdn.shopify.com/s/files/1/0636/1976/0364/products/E94CF2A3-0986-4893-92FA-2BCF6AE0A5CC.jpg?v=1672898156,gid://shopify/Location/71820017900,Whittier - Warehouse,0,0,15,,
"Carbon Fiber Mirror Caps - 19'+ Ascent, 17-20' Impreza, 18-19' Outback, and 18-19' Legacy",Mirror Caps,No / Standard Weave,MRCAP-3KCF-2N,https://cdn.shopify.com/s/files/1/0636/1976/0364/products/E94CF2A3-0986-4893-92FA-2BCF6AE0A5CC.jpg?v=1672898156,gid://shopify/Location/68455891180,El Monte - Warehouse,21,21,15,,
"Carbon Fiber Mirror Caps - 19'+ Ascent, 17-20' Impreza, 18-19' Outback, and 18-19' Legacy",Mirror Caps,No / Standard Weave,MRCAP-3KCF-2N,https://cdn.shopify.com/s/files/1/0636/1976/0364/products/E94CF2A3-0986-4893-92FA-2BCF6AE0A5CC.jpg?v=1672898156,gid://shopify/Location/71820017900,Whittier - Warehouse,2,2,15,,
"Carbon Fiber Mirror Caps - Forester 19'+ and Crosstrek 18"" +",Mirror Caps,Yes / Forged Carbon Weave,MRCAP-FCF-3C,https://cdn.shopify.com/s/files/1/0636/1976/0364/files/1L9A1690.jpg?v=1684954858,gid://shopify/Location/68455891180,El Monte - Warehouse,0,0,15,,
"Carbon Fiber Mirror Caps - Forester 19'+ and Crosstrek 18"" +",Mirror Caps,Yes / Forged Carbon Weave,MRCAP-FCF-3C,https://cdn.shopify.com/s/files/1/0636/1976/0364/files/1L9A1690.jpg?v=1684954858,gid://shopify/Location/71820017900,Whittier - Warehouse,0,0,15,,
"Carbon Fiber Mirror Caps - Forester 19'+ and Crosstrek 18"" +",Mirror Caps,Yes / Standard Weave,MRCAP-3KCF-3C,https://cdn.shopify.com/s/files/1/0636/1976/0364/products/ATK_3121_a42c7abb-5f15-4b8e-b287-244cbc60e644.jpg?v=1684954858,gid://shopify/Location/68455891180,El Monte - Warehouse,29,29,15,,
"Carbon Fiber Mirror Caps - Forester 19'+ and Crosstrek 18"" +",Mirror Caps,Yes / Standard Weave,MRCAP-3KCF-3C,https://cdn.shopify.com/s/files/1/0636/1976/0364/products/ATK_3121_a42c7abb-5f15-4b8e-b287-244cbc60e644.jpg?v=1684954858,gid://shopify/Location/71820017900,Whittier - Warehouse,-4,-2,15,,
"Carbon Fiber Mirror Caps - Forester 19'+ and Crosstrek 18"" +",Mirror Caps,No / Forged Carbon Weave,MRCAP-FCF-3N,https://cdn.shopify.com/s/files/1/0636/1976/0364/files/1L9A1690.jpg?v=1684954858,gid://shopify/Location/68455891180,El Monte - Warehouse,3,3,15,,
"Carbon Fiber Mirror Caps - Forester 19'+ and Crosstrek 18"" +",Mirror Caps,No / Forged Carbon Weave,MRCAP-FCF-3N,https://cdn.shopify.com/s/files/1/0636/1976/0364/files/1L9A1690.jpg?v=1684954858,gid://shopify/Location/71820017900,Whittier - Warehouse,1,1,15,,
"Carbon Fiber Mirror Caps - Forester 19'+ and Crosstrek 18"" +",Mirror Caps,No / Standard Weave,MRCAP-3KCF-3N,https://cdn.shopify.com/s/files/1/0636/1976/0364/files/1L9A1690.jpg?v=1684954858,gid://shopify/Location/68455891180,El Monte - Warehouse,9,9,15,,
"Carbon Fiber Mirror Caps - Forester 19'+ and Crosstrek 18"" +",Mirror Caps,No / Standard Weave,MRCAP-3KCF-3N,https://cdn.shopify.com/s/files/1/0636/1976/0364/files/1L9A1690.jpg?v=1684954858,gid://shopify/Location/71820017900,Whittier - Warehouse,0,0,15,,
Forged Carbon Shift Knob - M12x1.25mm w/ M10 adapter,Shift Knobs,Anodized Red,FCF-KNB-RD,https://cdn.shopify.com/s/files/1/0636/1976/0364/products/ATK_4371-2.jpg?v=1672456756,gid://shopify/Location/68455891180,El Monte - Warehouse,29,30,75,,
Forged Carbon Shift Knob - M12x1.25mm w/ M10 adapter,Shift Knobs,Anodized Red,FCF-KNB-RD,https://cdn.shopify.com/s/files/1/0636/1976/0364/products/ATK_4371-2.jpg?v=1672456756,gid://shopify/Location/71820017900,Whittier - Warehouse,-9,11,75,,
Forged Carbon Shift Knob - M12x1.25mm w/ M10 adapter,Shift Knobs,Anodized Black,FCF-KNB-BK,https://cdn.shopify.com/s/files/1/0636/1976/0364/products/ATK_4376.jpg?v=1716167286,gid://shopify/Location/68455891180,El Monte - Warehouse,21,24,75,,
Forged Carbon Shift Knob - M12x1.25mm w/ M10 adapter,Shift Knobs,Anodized Black,FCF-KNB-BK,https://cdn.shopify.com/s/files/1/0636/1976/0364/products/ATK_4376.jpg?v=1716167286,gid://shopify/Location/71820017900,Whittier - Warehouse,-7,3,75,,
Paragon Accessport Vent Mount - 15-21' WRX/STi and 14-18' SJ,Interior Accessories,Anodized Black,APMOUNT-BK,https://cdn.shopify.com/s/files/1/0636/1976/0364/products/ATK_4347.jpg?v=1672778738,gid://shopify/Location/68455891180,El Monte - Warehouse,0,3,25,,
Paragon Accessport Vent Mount - 15-21' WRX/STi and 14-18' SJ,Interior Accessories,Anodized Black,APMOUNT-BK,https://cdn.shopify.com/s/files/1/0636/1976/0364/products/ATK_4347.jpg?v=1672778738,gid://shopify/Location/71820017900,Whittier - Warehouse,0,0,25,,
Paragon Accessport Vent Mount - 15-21' WRX/STi and 14-18' SJ,Interior Accessories,Anodized Red,APMOUNT-RD,https://cdn.shopify.com/s/files/1/0636/1976/0364/products/ATK_4346.jpg?v=1672778738,gid://shopify/Location/68455891180,El Monte - Warehouse,19,19,25,,
Paragon Accessport Vent Mount - 15-21' WRX/STi and 14-18' SJ,Interior Accessories,Anodized Red,APMOUNT-RD,https://cdn.shopify.com/s/files/1/0636/1976/0364/products/ATK_4346.jpg?v=1672778738,gid://shopify/Location/71820017900,Whittier - Warehouse,0,0,25,,
Paragon Accessport Vent Mount - 15-21' WRX/STi and 14-18' SJ,Interior Accessories,Anodized Silver,APMOUNT-GM,https://cdn.shopify.com/s/files/1/0636/1976/0364/products/ATK_4348.jpg?v=1672778738,gid://shopify/Location/68455891180,El Monte - Warehouse,14,14,25,,
Paragon Accessport Vent Mount - 15-21' WRX/STi and 14-18' SJ,Interior Accessories,Anodized Silver,APMOUNT-GM,https://cdn.shopify.com/s/files/1/0636/1976/0364/products/ATK_4348.jpg?v=1672778738,gid://shopify/Location/71820017900,Whittier - Warehouse,15,15,25,,
EngineArt Carbon Fiber Intake Manifold Cover for '21+ BRZ,CF Engine Dress-up,Intake Manifold Cover Only,IMNFC-3KCF-Z86,https://cdn.shopify.com/s/files/1/0636/1976/0364/products/DSC01373.png?v=1675632615,gid://shopify/Location/68455891180,El Monte - Warehouse,0,0,10,,
EngineArt Carbon Fiber Intake Manifold Cover for '21+ BRZ,CF Engine Dress-up,Intake Manifold Cover Only,IMNFC-3KCF-Z86,https://cdn.shopify.com/s/files/1/0636/1976/0364/products/DSC01373.png?v=1675632615,gid://shopify/Location/71820017900,Whittier - Warehouse,1,1,10,,
EngineArt Carbon Fiber Intake Manifold Cover for '21+ BRZ,CF Engine Dress-up,CF Pulley Covers + $85,IMNFKIT-3KCF-Z86,https://cdn.shopify.com/s/files/1/0636/1976/0364/products/DSC01373.png?v=1675632615,gid://shopify/Location/68455891180,El Monte - Warehouse,43,43,10,,
EngineArt Carbon Fiber Intake Manifold Cover for '21+ BRZ,CF Engine Dress-up,CF Pulley Covers + $85,IMNFKIT-3KCF-Z86,https://cdn.shopify.com/s/files/1/0636/1976/0364/products/DSC01373.png?v=1675632615,gid://shopify/Location/71820017900,Whittier - Warehouse,3,3,10,,
EngineArt Carbon Fiber Fuse Box Cover for '21+ BRZ,CF Engine Dress-up,Default Title,Z86FBC-3KCF,https://cdn.shopify.com/s/files/1/0636/1976/0364/products/DSC01381.png?v=1675633353,gid://shopify/Location/68455891180,El Monte - Warehouse,25,25,10,,
EngineArt Carbon Fiber Fuse Box Cover for '21+ BRZ,CF Engine Dress-up,Default Title,Z86FBC-3KCF,https://cdn.shopify.com/s/files/1/0636/1976/0364/products/DSC01381.png?v=1675633353,gid://shopify/Location/71820017900,Whittier - Warehouse,0,0,10,,
EngineArt Carbon Fiber Manifold Cover for '15-21 WRX & '14-18 Forester,CF Engine Dress-up,Default Title,IMNFC-3KCF-FA20,https://cdn.shopify.com/s/files/1/0636/1976/0364/products/PhotoFeb202023_50254PM.jpg?v=1677661573,gid://shopify/Location/68455891180,El Monte - Warehouse,55,55,10,,
EngineArt Carbon Fiber Manifold Cover for '15-21 WRX & '14-18 Forester,CF Engine Dress-up,Default Title,IMNFC-3KCF-FA20,https://cdn.shopify.com/s/files/1/0636/1976/0364/products/PhotoFeb202023_50254PM.jpg?v=1677661573,gid://shopify/Location/71820017900,Whittier - Warehouse,1,4,10,,
SmartFlow Intake Duct for '14+ SJ Forester,Engine Dress-up,Default Title,SFI-SJ-RD,https://cdn.shopify.com/s/files/1/0636/1976/0364/products/XTIAIRDUCT-3.jpg?v=1678079730,gid://shopify/Location/68455891180,El Monte - Warehouse,36,37,25,,
SmartFlow Intake Duct for '14+ SJ Forester,Engine Dress-up,Default Title,SFI-SJ-RD,https://cdn.shopify.com/s/files/1/0636/1976/0364/products/XTIAIRDUCT-3.jpg?v=1678079730,gid://shopify/Location/71820017900,Whittier - Warehouse,0,0,25,,
XTI Type One Roof Spoiler,ABS Aero,Default Title,TONEWNG-XTI,https://cdn.shopify.com/s/files/1/0636/1976/0364/files/SPOILER-2.jpg?v=1683670952,gid://shopify/Location/68455891180,El Monte - Warehouse,20,20,25,,
XTI Type One Roof Spoiler,ABS Aero,Default Title,TONEWNG-XTI,https://cdn.shopify.com/s/files/1/0636/1976/0364/files/SPOILER-2.jpg?v=1683670952,gid://shopify/Location/71820017900,Whittier - Warehouse,5,5,25,,
Arrowhead Carbon Fiber Mirror Caps - 21' + BRZ and GR86,Mirror Caps,Default Title,MRCAP-3KCF-Z86,https://cdn.shopify.com/s/files/1/0636/1976/0364/files/MIRRORCAPS2-2.jpg?v=1684018742,gid://shopify/Location/68455891180,El Monte - Warehouse,75,78,50,,
Arrowhead Carbon Fiber Mirror Caps - 21' + BRZ and GR86,Mirror Caps,Default Title,MRCAP-3KCF-Z86,https://cdn.shopify.com/s/files/1/0636/1976/0364/files/MIRRORCAPS2-2.jpg?v=1684018742,gid://shopify/Location/71820017900,Whittier - Warehouse,0,3,50,,
XTI Type One Midwing,ABS Aero,Default Title,TONEMID-XTI,https://cdn.shopify.com/s/files/1/0636/1976/0364/files/SJMIDWING-5.jpg?v=1689638253,gid://shopify/Location/68455891180,El Monte - Warehouse,13,13,20,,
XTI Type One Midwing,ABS Aero,Default Title,TONEMID-XTI,https://cdn.shopify.com/s/files/1/0636/1976/0364/files/SJMIDWING-5.jpg?v=1689638253,gid://shopify/Location/71820017900,Whittier - Warehouse,0,0,20,,
EngineArt Carbon Fiber Manifold Cover for '18-22 Crosstrek 2.0,CF Engine Dress-up,Default Title,IMNFC-3KCF-GTX,https://cdn.shopify.com/s/files/1/0636/1976/0364/files/CFMANICOVERXTREK-4.jpg?v=1690425922,gid://shopify/Location/68455891180,El Monte - Warehouse,16,16,15,,
EngineArt Carbon Fiber Manifold Cover for '18-22 Crosstrek 2.0,CF Engine Dress-up,Default Title,IMNFC-3KCF-GTX,https://cdn.shopify.com/s/files/1/0636/1976/0364/files/CFMANICOVERXTREK-4.jpg?v=1690425922,gid://shopify/Location/71820017900,Whittier - Warehouse,0,0,15,,
Pyrotech Carbon Fiber Exhaust Heat Shield Set for '21+ BRZ,CF Aero,Default Title,EXSHD-3KCF-Z86,https://cdn.shopify.com/s/files/1/0636/1976/0364/files/T7__9917.png?v=1725506668,gid://shopify/Location/68455891180,El Monte - Warehouse,6,6,15,,
Pyrotech Carbon Fiber Exhaust Heat Shield Set for '21+ BRZ,CF Aero,Default Title,EXSHD-3KCF-Z86,https://cdn.shopify.com/s/files/1/0636/1976/0364/files/T7__9917.png?v=1725506668,gid://shopify/Location/71820017900,Whittier - Warehouse,3,3,15,,
BTX Type One Roof Spoiler,ABS Aero,Default Title,TONEWNG-BTX,https://cdn.shopify.com/s/files/1/0636/1976/0364/files/WhatsAppImage2023-09-20at7.48.11PM.jpg?v=1695267072,gid://shopify/Location/68455891180,El Monte - Warehouse,0,0,50,,
BTX Type One Roof Spoiler,ABS Aero,Default Title,TONEWNG-BTX,https://cdn.shopify.com/s/files/1/0636/1976/0364/files/WhatsAppImage2023-09-20at7.48.11PM.jpg?v=1695267072,gid://shopify/Location/71820017900,Whittier - Warehouse,-2,-2,50,,
Compressive Tuning Holographic Stickers,,Default Title,STKR-HOLO,https://cdn.shopify.com/s/files/1/0636/1976/0364/files/WhatsAppImage2023-10-18at4.54.19PM_1.jpg?v=1697680693,gid://shopify/Location/68455891180,El Monte - Warehouse,0,0,100,,
Compressive Tuning Holographic Stickers,,Default Title,STKR-HOLO,https://cdn.shopify.com/s/files/1/0636/1976/0364/files/WhatsAppImage2023-10-18at4.54.19PM_1.jpg?v=1697680693,gid://shopify/Location/71820017900,Whittier - Warehouse,187,187,100,,
EngineArt Carbon Fiber Manifold Cover for '22 + WRX VB,CF Engine Dress-up,Default Title,IMNFC-3KCF-VB,https://cdn.shopify.com/s/files/1/0636/1976/0364/files/Compressive.jpg?v=1707464704,gid://shopify/Location/68455891180,El Monte - Warehouse,34,34,15,,
EngineArt Carbon Fiber Manifold Cover for '22 + WRX VB,CF Engine Dress-up,Default Title,IMNFC-3KCF-VB,https://cdn.shopify.com/s/files/1/0636/1976/0364/files/Compressive.jpg?v=1707464704,gid://shopify/Location/71820017900,Whittier - Warehouse,5,5,15,,
EngineArt Carbon Fiber Pulley Cover for '22 + WRX VB,CF Engine Dress-up,Default Title,PC-3KCF-VB,https://cdn.shopify.com/s/files/1/0636/1976/0364/files/Altcover.jpg?v=1707464794,gid://shopify/Location/68455891180,El Monte - Warehouse,76,76,15,,
EngineArt Carbon Fiber Pulley Cover for '22 + WRX VB,CF Engine Dress-up,Default Title,PC-3KCF-VB,https://cdn.shopify.com/s/files/1/0636/1976/0364/files/Altcover.jpg?v=1707464794,gid://shopify/Location/71820017900,Whittier - Warehouse,0,0,15,,
Arrowhead Carbon Fiber Mirror Caps - 22' + WRX VB,Mirror Caps,Default Title,MRCAP-3KCF-4C,https://cdn.shopify.com/s/files/1/0636/1976/0364/files/Mirrorcover_-4.jpg?v=1707464533,gid://shopify/Location/68455891180,El Monte - Warehouse,98,98,50,,
Arrowhead Carbon Fiber Mirror Caps - 22' + WRX VB,Mirror Caps,Default Title,MRCAP-3KCF-4C,https://cdn.shopify.com/s/files/1/0636/1976/0364/files/Mirrorcover_-4.jpg?v=1707464533,gid://shopify/Location/71820017900,Whittier - Warehouse,-5,-5,50,,
Formula Carbon Fiber Hood Scoop For 22' + WRX VB,CF Aero,Standard Weave,ADRHS-3KCF-VB,https://cdn.shopify.com/s/files/1/0636/1976/0364/files/Compressivetest.jpg?v=1707464896,gid://shopify/Location/68455891180,El Monte - Warehouse,0,0,5,,
Formula Carbon Fiber Hood Scoop For 22' + WRX VB,CF Aero,Standard Weave,ADRHS-3KCF-VB,https://cdn.shopify.com/s/files/1/0636/1976/0364/files/Compressivetest.jpg?v=1707464896,gid://shopify/Location/71820017900,Whittier - Warehouse,1,1,5,,
Formula Carbon Fiber Hood Scoop For 22' + WRX VB,CF Aero,Piano Black,ADRHS-BK-VB,https://cdn.shopify.com/s/files/1/0636/1976/0364/files/FRPForm1.jpg?v=1722113752,gid://shopify/Location/68455891180,El Monte - Warehouse,0,0,5,,
Formula Carbon Fiber Hood Scoop For 22' + WRX VB,CF Aero,Piano Black,ADRHS-BK-VB,https://cdn.shopify.com/s/files/1/0636/1976/0364/files/FRPForm1.jpg?v=1722113752,gid://shopify/Location/71820017900,Whittier - Warehouse,0,0,5,,
Black Series - Carbon Fiber Rear Diffuser for '21+ BRZ,CF Aero,Default Title,RD-3KCF-Z86,https://cdn.shopify.com/s/files/1/0636/1976/0364/files/T7__9965.png?v=1725506150,gid://shopify/Location/68455891180,El Monte - Warehouse,6,6,10,,
Black Series - Carbon Fiber Rear Diffuser for '21+ BRZ,CF Aero,Default Title,RD-3KCF-Z86,https://cdn.shopify.com/s/files/1/0636/1976/0364/files/T7__9965.png?v=1725506150,gid://shopify/Location/71820017900,Whittier - Warehouse,0,0,10,,
Black Series - Carbon Fiber Rear Spats for '21+ BRZ,CF Aero,Default Title,RS-3KCF-Z86,https://cdn.shopify.com/s/files/1/0636/1976/0364/files/T7__9920.png?v=1725506243,gid://shopify/Location/68455891180,El Monte - Warehouse,8,8,10,,
Black Series - Carbon Fiber Rear Spats for '21+ BRZ,CF Aero,Default Title,RS-3KCF-Z86,https://cdn.shopify.com/s/files/1/0636/1976/0364/files/T7__9920.png?v=1725506243,gid://shopify/Location/71820017900,Whittier - Warehouse,0,0,10,,
Black Series - Carbon Fiber Sideskirt Extension for '21+ BRZ,CF Aero,Default Title,SSK-3KCF-Z86,https://cdn.shopify.com/s/files/1/0636/1976/0364/files/T7__9902.png?v=1725506339,gid://shopify/Location/68455891180,El Monte - Warehouse,6,6,10,,
Black Series - Carbon Fiber Sideskirt Extension for '21+ BRZ,CF Aero,Default Title,SSK-3KCF-Z86,https://cdn.shopify.com/s/files/1/0636/1976/0364/files/T7__9902.png?v=1725506339,gid://shopify/Location/71820017900,Whittier - Warehouse,-2,-2,10,,
Black Series - 2-Piece Carbon Fiber Fender Expansion Kit for '21+ BRZ,CF Aero,Default Title,FC-3KCF-Z86,https://cdn.shopify.com/s/files/1/0636/1976/0364/files/T7__9925.png?v=1742760949,gid://shopify/Location/68455891180,El Monte - Warehouse,4,4,10,,
Black Series - 2-Piece Carbon Fiber Fender Expansion Kit for '21+ BRZ,CF Aero,Default Title,FC-3KCF-Z86,https://cdn.shopify.com/s/files/1/0636/1976/0364/files/T7__9925.png?v=1742760949,gid://shopify/Location/71820017900,Whittier - Warehouse,0,0,10,,
Halo Aero Spoiler - 22+ BRZ,CF Aero,Standard Weave,HALO-3KCF-Z86,https://cdn.shopify.com/s/files/1/0636/1976/0364/files/3KCarbonBRZWing-3.png?v=1722111973,gid://shopify/Location/68455891180,El Monte - Warehouse,-8,-1,10,,
Halo Aero Spoiler - 22+ BRZ,CF Aero,Standard Weave,HALO-3KCF-Z86,https://cdn.shopify.com/s/files/1/0636/1976/0364/files/3KCarbonBRZWing-3.png?v=1722111973,gid://shopify/Location/71820017900,Whittier - Warehouse,0,0,10,,
Halo Aero Spoiler - 22+ BRZ,CF Aero,Forged Carbon Weave,HALO-FCF-Z86,https://cdn.shopify.com/s/files/1/0636/1976/0364/files/ForgedCarbonBRZWing-3.png?v=1722111973,gid://shopify/Location/68455891180,El Monte - Warehouse,0,0,10,,
Halo Aero Spoiler - 22+ BRZ,CF Aero,Forged Carbon Weave,HALO-FCF-Z86,https://cdn.shopify.com/s/files/1/0636/1976/0364/files/ForgedCarbonBRZWing-3.png?v=1722111973,gid://shopify/Location/71820017900,Whittier - Warehouse,7,9,10,,
Halo Aero Spoiler - 22+ BRZ,CF Aero,Piano Black,HALO-BK-Z86,https://cdn.shopify.com/s/files/1/0636/1976/0364/files/PianoBlackBRZWing-3.png?v=1722111973,gid://shopify/Location/68455891180,El Monte - Warehouse,-3,-1,10,,
Halo Aero Spoiler - 22+ BRZ,CF Aero,Piano Black,HALO-BK-Z86,https://cdn.shopify.com/s/files/1/0636/1976/0364/files/PianoBlackBRZWing-3.png?v=1722111973,gid://shopify/Location/71820017900,Whittier - Warehouse,0,0,10,,
SmartFlow Intake Duct for '18+ Crosstrek,Engine Dress-up,Wrinkle Red,SFI-GT-RD,https://cdn.shopify.com/s/files/1/0636/1976/0364/files/39445869-5D30-4964-931D-7343098E8531.jpg?v=1718146950,gid://shopify/Location/68455891180,El Monte - Warehouse,9,9,25,,
SmartFlow Intake Duct for '18+ Crosstrek,Engine Dress-up,Wrinkle Red,SFI-GT-RD,https://cdn.shopify.com/s/files/1/0636/1976/0364/files/39445869-5D30-4964-931D-7343098E8531.jpg?v=1718146950,gid://shopify/Location/71820017900,Whittier - Warehouse,0,0,25,,
SmartFlow Intake Duct for '18+ Crosstrek,Engine Dress-up,Wrinkle Black,SFI-GT-BK,https://cdn.shopify.com/s/files/1/0636/1976/0364/files/39445869-5D30-4964-931D-7343098E8531.jpg?v=1718146950,gid://shopify/Location/68455891180,El Monte - Warehouse,72,72,25,,
SmartFlow Intake Duct for '18+ Crosstrek,Engine Dress-up,Wrinkle Black,SFI-GT-BK,https://cdn.shopify.com/s/files/1/0636/1976/0364/files/39445869-5D30-4964-931D-7343098E8531.jpg?v=1718146950,gid://shopify/Location/71820017900,Whittier - Warehouse,-4,-3,25,,
Red Forged Carbon Shift Knob - M12x1.25mm w/ M10 adapter,Shift Knobs,6 Speed Reverse Left Up,RFCF-KNB-RD-R6,https://cdn.shopify.com/s/files/1/0636/1976/0364/files/ATK_5152.png?v=1734819509,gid://shopify/Location/68455891180,El Monte - Warehouse,25,25,75,,
Red Forged Carbon Shift Knob - M12x1.25mm w/ M10 adapter,Shift Knobs,6 Speed Reverse Left Up,RFCF-KNB-RD-R6,https://cdn.shopify.com/s/files/1/0636/1976/0364/files/ATK_5152.png?v=1734819509,gid://shopify/Location/71820017900,Whittier - Warehouse,2,2,75,,
Red Forged Carbon Shift Knob - M12x1.25mm w/ M10 adapter,Shift Knobs,6 Speed Reverse Right Down,RFCF-KNB-RD-6R,https://cdn.shopify.com/s/files/1/0636/1976/0364/files/ATK_5151.png?v=1734819509,gid://shopify/Location/68455891180,El Monte - Warehouse,17,17,75,,
Red Forged Carbon Shift Knob - M12x1.25mm w/ M10 adapter,Shift Knobs,6 Speed Reverse Right Down,RFCF-KNB-RD-6R,https://cdn.shopify.com/s/files/1/0636/1976/0364/files/ATK_5151.png?v=1734819509,gid://shopify/Location/71820017900,Whittier - Warehouse,-20,0,75,,
Red Forged Carbon Shift Knob - M12x1.25mm w/ M10 adapter,Shift Knobs,5 Speed,RFCF-KNB-RD-5R,https://cdn.shopify.com/s/files/1/0636/1976/0364/files/ATK_5153.png?v=1734819509,gid://shopify/Location/68455891180,El Monte - Warehouse,0,0,20,,
Red Forged Carbon Shift Knob - M12x1.25mm w/ M10 adapter,Shift Knobs,5 Speed,RFCF-KNB-RD-5R,https://cdn.shopify.com/s/files/1/0636/1976/0364/files/ATK_5153.png?v=1734819509,gid://shopify/Location/71820017900,Whittier - Warehouse,0,0,20,,
Dynamic Forged Carbon Shift Knob - M12x1.25mm w/ M10 adapter,Shift Knobs,Blue Forged,BFCF-KNB-BL,https://cdn.shopify.com/s/files/1/0636/1976/0364/files/ATK_4371-2.jpg?v=1716167286,gid://shopify/Location/68455891180,El Monte - Warehouse,64,64,75,,
Dynamic Forged Carbon Shift Knob - M12x1.25mm w/ M10 adapter,Shift Knobs,Blue Forged,BFCF-KNB-BL,https://cdn.shopify.com/s/files/1/0636/1976/0364/files/ATK_4371-2.jpg?v=1716167286,gid://shopify/Location/71820017900,Whittier - Warehouse,-25,0,75,,
Dynamic Forged Carbon Shift Knob - M12x1.25mm w/ M10 adapter,Shift Knobs,Red Forged,RFCF-KNB-RD,https://cdn.shopify.com/s/files/1/0636/1976/0364/files/4_45f4d4c2-0dfc-4521-91a1-f09f2bf6354e.png?v=1729731049,gid://shopify/Location/68455891180,El Monte - Warehouse,2,3,75,,
Dynamic Forged Carbon Shift Knob - M12x1.25mm w/ M10 adapter,Shift Knobs,Red Forged,RFCF-KNB-RD,https://cdn.shopify.com/s/files/1/0636/1976/0364/files/4_45f4d4c2-0dfc-4521-91a1-f09f2bf6354e.png?v=1729731049,gid://shopify/Location/71820017900,Whittier - Warehouse,9,9,75,,
EngineArt Carbon Fiber Fuse Box Cover plates for '22 + WRX VB,CF Engine Dress-up,Default Title,FBCKIT-3KCF-VB,https://cdn.shopify.com/s/files/1/0636/1976/0364/files/Compressivenewproducts-3.jpg?v=1730057849,gid://shopify/Location/68455891180,El Monte - Warehouse,23,23,25,,
EngineArt Carbon Fiber Fuse Box Cover plates for '22 + WRX VB,CF Engine Dress-up,Default Title,FBCKIT-3KCF-VB,https://cdn.shopify.com/s/files/1/0636/1976/0364/files/Compressivenewproducts-3.jpg?v=1730057849,gid://shopify/Location/71820017900,Whittier - Warehouse,-5,0,25,,
Carbon Fiber Airblade Fender Shrouds for '22 + WRX VB,CF Engine Dress-up,Default Title,AB-3KCF-VB,https://cdn.shopify.com/s/files/1/0636/1976/0364/files/Compressivenewproducts-12.jpg?v=1730059098,gid://shopify/Location/68455891180,El Monte - Warehouse,88,89,25,,
Carbon Fiber Airblade Fender Shrouds for '22 + WRX VB,CF Engine Dress-up,Default Title,AB-3KCF-VB,https://cdn.shopify.com/s/files/1/0636/1976/0364/files/Compressivenewproducts-12.jpg?v=1730059098,gid://shopify/Location/71820017900,Whittier - Warehouse,0,0,25,,
Carbon Fiber Smartflow Radiator Shroud for '22 + WRX VB,CF Engine Dress-up,Default Title,RS-3KCF-VB,https://cdn.shopify.com/s/files/1/0636/1976/0364/files/Compressiveinletandshrowd.jpg?v=1734929355,gid://shopify/Location/68455891180,El Monte - Warehouse,20,20,25,,
Carbon Fiber Smartflow Radiator Shroud for '22 + WRX VB,CF Engine Dress-up,Default Title,RS-3KCF-VB,https://cdn.shopify.com/s/files/1/0636/1976/0364/files/Compressiveinletandshrowd.jpg?v=1734929355,gid://shopify/Location/71820017900,Whittier - Warehouse,0,0,25,,
Limited Edition Forged Carbon Shift Knob - (Weighted) Titanium Finish,Shift Knobs,Default Title,FCF-KNB-TI,https://cdn.shopify.com/s/files/1/0636/1976/0364/files/Untitleddesign-2024-10-31T135356.536.png?v=1730408336,gid://shopify/Location/68455891180,El Monte - Warehouse,44,44,50,,
Limited Edition Forged Carbon Shift Knob - (Weighted) Titanium Finish,Shift Knobs,Default Title,FCF-KNB-TI,https://cdn.shopify.com/s/files/1/0636/1976/0364/files/Untitleddesign-2024-10-31T135356.536.png?v=1730408336,gid://shopify/Location/71820017900,Whittier - Warehouse,0,0,50,,
EngineArt Carbon Fiber Intake Snorkel Cover for '22 + WRX VB,CF Engine Dress-up,Default Title,ISC-3KCF-VB,https://cdn.shopify.com/s/files/1/0636/1976/0364/files/Compressiveinletandshrowd-6_7db1491b-0c64-4df8-a6d3-a757d059f524.jpg?v=1734930734,gid://shopify/Location/68455891180,El Monte - Warehouse,9,9,10,,
EngineArt Carbon Fiber Intake Snorkel Cover for '22 + WRX VB,CF Engine Dress-up,Default Title,ISC-3KCF-VB,https://cdn.shopify.com/s/files/1/0636/1976/0364/files/Compressiveinletandshrowd-6_7db1491b-0c64-4df8-a6d3-a757d059f524.jpg?v=1734930734,gid://shopify/Location/71820017900,Whittier - Warehouse,-5,0,10,,
Zenkai-Ti Titanium Axle Back Exhaust for '21+ BRZ,Exhaust,Zenkai Ti-R (No Muffler),EXS-TIR-Z86,https://cdn.shopify.com/s/files/1/0636/1976/0364/files/NOMUFFLERAxleBack-5.png?v=1740113968,gid://shopify/Location/68455891180,El Monte - Warehouse,2,2,2,,
Zenkai-Ti Titanium Axle Back Exhaust for '21+ BRZ,Exhaust,Zenkai Ti-R (No Muffler),EXS-TIR-Z86,https://cdn.shopify.com/s/files/1/0636/1976/0364/files/NOMUFFLERAxleBack-5.png?v=1740113968,gid://shopify/Location/71820017900,Whittier - Warehouse,0,0,2,,
Zenkai-Ti Titanium Axle Back Exhaust for '21+ BRZ,Exhaust,Zenkai Ti-S (Muffler),EXS-TIS-Z86,https://cdn.shopify.com/s/files/1/0636/1976/0364/files/MUFFLERAxleBack-3.png?v=1740113968,gid://shopify/Location/68455891180,El Monte - Warehouse,2,2,2,,
Zenkai-Ti Titanium Axle Back Exhaust for '21+ BRZ,Exhaust,Zenkai Ti-S (Muffler),EXS-TIS-Z86,https://cdn.shopify.com/s/files/1/0636/1976/0364/files/MUFFLERAxleBack-3.png?v=1740113968,gid://shopify/Location/71820017900,Whittier - Warehouse,0,0,2,,
Black Series - 3-Piece Carbon Fiber Front Lip Kit for '21+ BRZ,CF Aero,Default Title,FL-3KCF-Z86,https://cdn.shopify.com/s/files/1/0636/1976/0364/files/BRZLIPKITPICS-5.jpg?v=1742761212,gid://shopify/Location/68455891180,El Monte - Warehouse,5,5,5,,
Black Series - 3-Piece Carbon Fiber Front Lip Kit for '21+ BRZ,CF Aero,Default Title,FL-3KCF-Z86,https://cdn.shopify.com/s/files/1/0636/1976/0364/files/BRZLIPKITPICS-5.jpg?v=1742761212,gid://shopify/Location/71820017900,Whittier - Warehouse,0,0,5,,
XGU Type One Roof Spoiler,ABS Aero,Default Title,TONEWNG-XGU,https://cdn.shopify.com/s/files/1/0636/1976/0364/files/CROSSTREKTYPEONESPOILER-4.jpg?v=1742761583,gid://shopify/Location/68455891180,El Monte - Warehouse,75,75,50,,
XGU Type One Roof Spoiler,ABS Aero,Default Title,TONEWNG-XGU,https://cdn.shopify.com/s/files/1/0636/1976/0364/files/CROSSTREKTYPEONESPOILER-4.jpg?v=1742761583,gid://shopify/Location/71820017900,Whittier - Warehouse,0,0,50,,